{"cameraMode":{"drawMode":0,"name":"Shaded","section":"Shading Mode"},"sceneLighting":true,"audioPlay":false,"sceneViewState":{"m_AlwaysRefresh":false,"showFog":true,"showSkybox":true,"showFlares":true,"showImageEffects":true,"showParticleSystems":true,"showVisualEffectGraphs":true,"m_FxEnabled":true},"in2DMode":false,"pivot":{"x":-8.054149627685547,"y":0.816699743270874,"z":0.2724541425704956},"rotation":{"x":0.12460170686244965,"y":-0.43953758478164675,"z":0.061715785413980487,"w":0.887397825717926},"size":24.683300018310548,"orthographic":false}